{
    "navigationStyle": "custom",
    "usingComponents": {
        "navbar": "../../component/navBar/navBar",
        "toast": "../../component/toast/toast",
        "popup": "../../component/popup/popup",
        "wordbook": "../../component/wordBook/wordBook",
        "redpoint": "../../component/redPoint/redPoint",
        "treasure": "../../component/treasure/treasure",
        "shop": "../../component/shop/shop",
        "popupGoActivity": "../../component/popupGoActivity/popupGoActivity",
        "gameTryList": "../../component/gameTryList/gameTryList",
        "popupZhuangyuanbang": "../../component/popupZhuangyuanbang/popupZhuangyuanbang",
        "popupMoreGame": "../../component/popupMoreGame/popupMoreGame",
        "inviteNewUser": "../../component/inviteNewUser/inviteNewUser",
        "guide-text": "../../component/guideText/guideText",
        "addFuChuang": "../../component/addFuChuang/addFuChuang",
        "daysLoginReward": "../../component/daysLoginReward/daysLoginReward",
        "gzhEnergyPopup": "../../component/gzhEnergyPopup/gzhEnergyPopup",
        "daysSignPopup": "../../component/daysSignPopup/daysSignPopup",
        "friendLineGuide": "../../component/friendLineGuide/friendLineGuide",
        "toOtherGame": "../../component/toOtherGame/toOtherGame",
        "loading": "../../component/loading/loading",
        "watchVideoPopup": "../../component/watchVideoPopup/watchVideoPopup",
        "showOffPopup": "../../component/showOffPopup/showOffPopup",
        "shareSuccess": "../../component/shareSuccess/shareSuccess",
        "getRewardPopup": "../../component/getRewardPopup/getRewardPopup",
        "shareGuide": "../../component/shareGuide/shareGuide",
        "watchVideoGuide": "../../component/watchVideoGuide/watchVideoGuide",
        "moreGameIcon": "../../component/moreGameIcon/moreGameIcon"
    },
    "disableSwipeBack": true,
    "disableScroll": true
}