{
    "usingComponents": {
        "toast": "../../component/toast/toast",
        "navbar": "../../component/navBar/navBar",
        "noTip": "../../component/noTip/noTip",
        "treasure": "../../component/treasure/treasure",
        "popupMoreGame": "../../component/popupMoreGame/popupMoreGame",
        "newUserGuide": "../../component/newUserGuide/newUserGuide",
        "shareGuide": "../../component/shareGuide/shareGuide",
        "watchVideoGuide": "../../component/watchVideoGuide/watchVideoGuide",
        "getRewardPopup": "../../component/getRewardPopup/getRewardPopup",
        "guide-text": "../../component/guideText/guideText"
    },
    "disableSwipeBack": true,
    "disableScroll": true
}