{
  "libVersion": "3.3.5",
  "description": "项目私有配置文件。此文件中的内容将覆盖 project.config.json 中的相同字段。项目的改动优先同步到此文件中。详见文档：https://developers.weixin.qq.com/miniprogram/dev/devtools/projectconfig.html",
  "setting": {
    "urlCheck": true,
    "compileHotReLoad": true,
    "coverView": true,
    "lazyloadPlaceholderEnable": false,
    "skylineRenderEnable": false,
    "preloadBackgroundData": false,
    "autoAudits": false,
    "useApiHook": false,
    "useApiHostProcess": false,
    "showShadowRootInWxmlPanel": true,
    "useStaticServer": true,
    "useLanDebug": false,
    "showES6CompileOption": false,
    "checkInvalidKey": true,
    "ignoreDevUnusedFiles": true,
    "bigPackageSizeSupport": false,
    "useIsolateContext": false
  },
  "projectname": "m65",
  "condition": {}
}